{"n_jobs": 2, "RFs - train": 17.006784915924072, "FoF - train": 16.85290265083313, "RFs - test": 0.43577075004577637, "RFs - RMSE_Mean": 0.4400923561966833, "RFs - RMSE_STD": 0.5949684705572298, "FOF - test": 3.3771591186523438, "FOF - RMSE_Mean": 3.239449454822536, "FOF - RMSE_STD": 2.8230148937066386, "_wandb": {"runtime": 43}}