{"n_jobs": -1, "RFs - train": 7.465203285217285, "FoF - train": 7.118351221084595, "RFs - test": 0.39054036140441895, "RFs - RMSE_Mean": 43.61686374743819, "RFs - RMSE_STD": 0.2403404871457519, "FOF - test": 1.497450590133667, "FOF - RMSE_Mean": 253.3306918666961, "FOF - RMSE_STD": 0.0783876347417548, "_wandb": {"runtime": 21}}