{"RFs - train": 12.70984148979187, "FoF - train": 12.30536413192749, "RFs - test": 0.3261277675628662, "RFs - RMSE_Mean": 0.4400785488604079, "RFs - RMSE_STD": 0.5945916219319779, "FOF - test": 3.29280686378479, "FOF - RMSE_Mean": 318.25170979401213, "FOF - RMSE_STD": 299.83103318973696, "_wandb": {"runtime": 34}}