{"RFs - train": 17.42296576499939, "FoF - train": 16.79115653038025, "RFs - test": 0.4817173480987549, "RFs - RMSE_Mean": 0.4402962015387033, "RFs - RMSE_STD": 0.5940312376172194, "_wandb": {"runtime": 40}}