{"n_jobs": -1, "RFs - train": 6.844926595687866, "FoF - train": 6.487491607666016, "RFs - test": 0.3041863441467285, "RFs - RMSE_Mean": 43.63590323965092, "RFs - RMSE_STD": 0.16621505347630325, "FOF - test": 1.0515217781066895, "FOF - RMSE_Mean": 253.3112124299011, "FOF - RMSE_STD": 0.055979173952171356, "_wandb": {"runtime": 19}}