{"RFs - train": 31.63795042037964, "FoF - train": 31.39915132522583, "RFs - test": 0.8035008907318115, "RFs - RMSE_Mean": 0.43942328538999637, "RFs - RMSE_STD": 0.5922050319726035, "FOF - test": 3.777101516723633, "FOF - RMSE_Mean": 3.238820317719031, "FOF - RMSE_STD": 2.822600037321481, "_wandb": {"runtime": 74}}