{"RFs - train": 16.984562635421753, "FoF - train": 16.85123872756958, "RFs - test": 0.4421217441558838, "RFs - RMSE_Mean": 0.4405207165018505, "RFs - RMSE_STD": 0.5948651594218884, "_wandb": {"runtime": 39}}