{"RFs - train": 10.059073448181152, "FoF - train": 10.052603960037231, "RFs - test": 0.30219101905822754, "RFs - RMSE_Mean": 0.4392208408698858, "RFs - RMSE_STD": 0.5930969233659747, "FOF - test": 3.219252109527588, "FOF - RMSE_Mean": 318.339600395036, "FOF - RMSE_STD": 299.7683287720798, "_wandb": {"runtime": 29}}