{"n_jobs": 1, "RFs - train": 31.98935341835022, "FoF - train": 31.406561613082886, "RFs - test": 0.7744660377502441, "RFs - RMSE_Mean": 0.439839937495673, "RFs - RMSE_STD": 0.5951507314823853, "FOF - test": 3.949025869369507, "FOF - RMSE_Mean": 3.2388049884860624, "FOF - RMSE_STD": 2.8224541104559675, "_wandb": {"runtime": 74}}