{"n_jobs": -1, "RFs - train": 6.843899250030518, "FoF - train": 6.463730335235596, "RFs - test": 0.28385400772094727, "RFs - RMSE_Mean": 43.64798695439467, "RFs - RMSE_STD": 0.14907673080379433, "FOF - test": 1.0806376934051514, "FOF - RMSE_Mean": 253.2754837127662, "FOF - RMSE_STD": 0.10185304700581016, "_wandb": {"runtime": 19}}