{"n_jobs": -1, "RFs - train": 14.03185510635376, "FoF - train": 13.922263860702515, "RFs - test": 0.6352241039276123, "RFs - RMSE_Mean": 43.47937430543131, "RFs - RMSE_STD": 0.09867539619520702, "FOF - test": 1.5415148735046387, "FOF - RMSE_Mean": 253.25739828639098, "FOF - RMSE_STD": 0.07710652675503338, "_wandb": {"runtime": 40}}