{"n_jobs": 3, "RFs - train": 12.883250713348389, "FoF - train": 12.407845497131348, "RFs - test": 0.34607458114624023, "RFs - RMSE_Mean": 0.44042627797837375, "RFs - RMSE_STD": 0.5958765089508304, "FOF - test": 3.271054267883301, "FOF - RMSE_Mean": 3.2394149826374514, "FOF - RMSE_STD": 2.823175128524764, "_wandb": {"runtime": 34}}