{"n_jobs": -1, "RFs - train": 2.0691077709198, "FoF - train": 1.9622042179107666, "RFs - test": 0.1892104148864746, "RFs - RMSE_Mean": 26034.874468618073, "RFs - RMSE_STD": 211.0284775358097, "FOF - test": 0.1486036777496338, "FOF - RMSE_Mean": 97238.7135550815, "FOF - RMSE_STD": 194.81016112070714, "_wandb": {"runtime": 9}}