{"n_jobs": -1, "RFs - train": 7.239697217941284, "FoF - train": 6.824859142303467, "RFs - test": 0.3165452480316162, "RFs - RMSE_Mean": 43.60336182896695, "RFs - RMSE_STD": 0.21406329451555586, "FOF - test": 1.0937530994415283, "FOF - RMSE_Mean": 253.3323613167438, "FOF - RMSE_STD": 0.11768241317650495, "_wandb": {"runtime": 20}}