{"n_jobs": -1, "RFs - train": 6.831991910934448, "FoF - train": 6.629099369049072, "RFs - test": 0.32937121391296387, "RFs - RMSE_Mean": 43.57938346658564, "RFs - RMSE_STD": 0.1451908613787991, "_wandb": {"runtime": 18}}