{"RFs - train": 16.889692306518555, "FoF - train": 17.086979150772095, "RFs - test": 0.4368317127227783, "RFs - RMSE_Mean": 0.44031620881812955, "RFs - RMSE_STD": 0.594325041675818, "FOF - test": 3.427354574203491, "FOF - RMSE_Mean": 318.2145495893821, "FOF - RMSE_STD": 299.7279359343952, "_wandb": {"runtime": 43}}