{"n_jobs": 2, "RFs - train": 17.346126317977905, "FoF - train": 17.19417643547058, "RFs - test": 0.48602747917175293, "RFs - RMSE_Mean": 43.52271857010892, "RFs - RMSE_STD": 0.17519370036217738, "FOF - test": 1.3411931991577148, "FOF - RMSE_Mean": 253.26403828479843, "FOF - RMSE_STD": 0.09458807235931416, "_wandb": {"runtime": 41}}