{"n_jobs": 1, "RFs - train": 33.173779249191284, "FoF - train": 33.03651022911072, "RFs - test": 0.8128530979156494, "RFs - RMSE_Mean": 43.49807554759873, "RFs - RMSE_STD": 0.26386202583960316, "FOF - test": 1.6830925941467285, "FOF - RMSE_Mean": 253.32821149106402, "FOF - RMSE_STD": 0.09384923712382613, "_wandb": {"runtime": 74}}