{"RFs - train": 16.954519033432007, "FoF - train": 16.748225688934326, "RFs - test": 0.43741822242736816, "RFs - RMSE_Mean": 0.43984107475763434, "RFs - RMSE_STD": 0.5939163364750096, "_wandb": {"runtime": 39}}